id;email;jelszo;fiok_tipusa;szemelyes_adatok_id;admin_e
1;admin@admin.com;admin;;;1
2;heroine@outlook.com;yseYHG8v2B;2;83;0
3;panolex@sbcglobal.net;7MNp25f3nA;2;100;0
4;alias@icloud.com;4C3qZv9ENS;1;;0
5;weidai@gmail.com;qRpTbUC6BX;2;3;0
6;elflord@sbcglobal.net;Cn6Dt2cTj4;1;;0
7;yzheng@yahoo.com;zgXaxf6nNe;2;48;0
8;stevelim@aol.com;Q3fdhDgNCL;2;40;0
9;houle@att.net;Kg8Fs2D9n5;1;;0
10;dinther@msn.com;UgYG3eFSaM;2;20;0
11;lstein@icloud.com;8ZFRExvbAk;2;85;0
12;thaljef@msn.com;JCaE4GABcw;2;9;0
13;gboss@icloud.com;szYFLSrR7D;2;2;0
14;campbell@outlook.com;JGH5mQj9tF;2;35;0
15;muadip@outlook.com;Kfejy4mnvq;2;92;0
16;portele@comcast.net;gr6KV5b2j3;2;31;0
17;geeber@verizon.net;4KvsjkrEhP;1;;0
18;munson@outlook.com;jFugYB5TrV;2;41;0
19;mglee@msn.com;rC3xdptWUN;2;91;0
20;sravani@comcast.net;8ANMCgYwBX;2;4;0
21;brbarret@gmail.com;B7DZSFhLa3;2;15;0
22;donev@aol.com;PFe6tGBVRL;2;69;0
23;nasor@att.net;Y2ywEDPRav;2;1;0
24;rfoley@aol.com;QfBL9vRrhS;1;;0
25;njpayne@comcast.net;nW5v9QYR2p;1;;0
26;mgemmons@optonline.net;Q2rc79RLMK;2;10;0
27;rwelty@live.com;HPZtdN4w5D;1;;0
28;sartak@yahoo.ca;MT2PUcuRre;2;79;0
29;dialworld@hotmail.com;Su5Havx8wp;1;;0
30;johnbob@verizon.net;YuLDs9c7zb;1;;0
31;luvirini@sbcglobal.net;LPvTnJC6HK;1;;0
32;jbailie@optonline.net;2uJcFRrh5Q;1;;0
33;danneng@live.com;nHGKZq8P5D;1;;0
34;conteb@aol.com;VTLmF5eBsN;2;93;0
35;kewley@sbcglobal.net;cSF78YvyZe;2;24;0
36;suresh@comcast.net;Jc4DgFmd6j;1;;0
37;denism@yahoo.ca;2DgxzvtLR9;2;8;0
38;jonas@outlook.com;ZqKTuA9S6m;2;38;0
39;munson@aol.com;LdFwtK7aZY;2;46;0
40;donev@icloud.com;K6CXvDWhuq;2;78;0
41;aibrahim@me.com;DhgrPUw7ab;2;53;0
42;balchen@att.net;mjR8FrptJQ;2;44;0
43;improv@yahoo.com;nLHcVpsx5y;2;58;0
44;mchugh@icloud.com;AQ93Zba7hH;1;;0
45;vmalik@msn.com;wAJy7SkHaC;2;43;0
46;thomasj@yahoo.ca;NnE8J3CfkG;1;;0
47;thrymm@att.net;sKkQr38FmH;2;72;0
48;eidac@aol.com;zsBVt3dFDH;2;34;0
49;bartlett@yahoo.com;z7xTg5yHsq;2;97;0
50;rkobes@msn.com;nf8uCWAwLK;1;;0
51;fairbank@mac.com;8VbsgqChQz;1;;0
52;jonathan@gmail.com;NhKU7FLgWv;1;;0
53;kramulous@aol.com;f6wymY52ek;2;51;0
54;muzzy@comcast.net;5Kc4EprFMZ;2;6;0
55;spadkins@yahoo.com;j6zHr9RXyA;1;;0
56;petersko@gmail.com;aL9ZjNDdcG;1;;0
57;pspoole@gmail.com;ex3NsBdptu;2;80;0
58;jdhildeb@icloud.com;zWqU7r385M;2;26;0
59;jeteve@live.com;wEHhUMuxD2;2;87;0
60;kayvonf@att.net;fsnNV3mrKz;1;;0
61;parents@outlook.com;L8f5kKXwpx;2;42;0
62;zilla@yahoo.com;TfRrUCaXF6;1;;0
63;mbrown@icloud.com;N54jRFc2ZE;1;;0
64;hikoza@optonline.net;UrLE4kVYtn;1;;0
65;curly@live.com;cPCGBu2xFQ;2;16;0
66;crowl@yahoo.ca;94kvZm5eS3;2;37;0
67;djpig@yahoo.com;bxP8f5yWs2;2;5;0
68;gozer@yahoo.ca;v7wj9qDt4F;2;59;0
69;bartlett@optonline.net;2Jv6nt8Dbm;2;95;0
70;panolex@gmail.com;NPXvf2wqsU;2;62;0
71;mosses@icloud.com;XK5CMb2cQs;2;61;0
72;jandrese@sbcglobal.net;CVmY2bgNHQ;2;63;0
73;bastian@hotmail.com;bywUGdZgE8;2;19;0
74;rwelty@yahoo.ca;sjJT8zdY26;1;;0
75;aracne@msn.com;DJ5cLuaZx3;2;7;0
76;bescoto@sbcglobal.net;HX5w34CWbQ;1;;0
77;magusnet@verizon.net;y9n8CmBA25;2;74;0
78;duncand@optonline.net;RKMU5YymEs;1;;0
79;goresky@sbcglobal.net;pdUQr8Rjwt;2;89;0
80;jonathan@gmail.com;tYPEn6yzXZ;2;55;0
81;dawnsong@gmail.com;eFGSRz42pn;1;;0
82;jusdisgi@outlook.com;7QbeFqhH4M;2;82;0
83;aschmitz@gmail.com;BrMzKtb5aN;1;;0
84;kmiller@gmail.com;yEfxDNLkV6;2;88;0
85;mkearl@verizon.net;9nuZ3EfKFC;1;;0
86;chance@hotmail.com;PLvmTtqHs6;1;;0
87;fmerges@msn.com;pLcGhakAN5;1;;0
88;fallorn@yahoo.com;v5zTtywgC6;2;39;0
89;bigmauler@verizon.net;QEGA5VSb7K;1;;0
90;dsugal@mac.com;kAbWhU4gKQ;2;54;0
91;shrapnull@live.com;tUg2eMnQGj;2;98;0
92;makarow@gmail.com;AY2Rfyh7WZ;1;;0
93;cfhsoft@optonline.net;3JdEZC7g2H;1;;0
94;crowl@yahoo.com;7tTvnEpsx9;2;75;0
95;mcnihil@sbcglobal.net;NKSshByL6f;2;32;0
96;hllam@aol.com;7MpReWSzuJ;2;45;0
97;laird@me.com;CaqDudx3cV;1;;0
98;qrczak@sbcglobal.net;CsWJRbg4zd;1;;0
99;scarlet@verizon.net;d5Qmwr3xn4;2;22;0
100;ivoibs@aol.com;4SVzTkQC8j;2;23;0
101;fmerges@mac.com;ve7kjcnMQA;1;;0
102;gamma@msn.com;fP6EU83vAg;2;12;0
103;maradine@mac.com;Y9yJUpMEvq;1;;0
104;rmcfarla@sbcglobal.net;e4zPJKshrc;2;65;0
105;crusader@live.com;wQba5DKqPZ;2;94;0
106;bmorrow@sbcglobal.net;RVP5npMCvE;2;76;0
107;gmcgath@verizon.net;pmF4q2MetY;1;;0
108;rmcfarla@sbcglobal.net;2HkqQYWZgR;1;;0
109;houle@comcast.net;NX8gzDfMFv;1;;0
110;mbrown@live.com;HwymTeV38d;1;;0
111;durist@msn.com;5dKywtUnxN;2;50;0
112;dpitts@yahoo.ca;xrFWkbvKR8;2;77;0
113;bartlett@aol.com;nCzMjtp83E;2;29;0
114;odlyzko@comcast.net;Le4dJN7pPH;1;;0
115;lstein@yahoo.com;gCkMDBQpq9;2;33;0
116;keiji@aol.com;TqQ9W3NsSU;2;96;0
117;dogdude@live.com;KRgWsL9YXv;3;64;0
118;jesse@outlook.com;fEhtm87zHd;1;;0
119;rmcfarla@att.net;G7TV8uD34E;1;;0
120;burns@comcast.net;rKL4gNAX3W;3;70;0
121;joglo@gmail.com;M4YFCv3bXG;3;66;0
122;farber@sbcglobal.net;54jmFpGxM2;1;;0
123;kudra@aol.com;7RJCr85mwx;3;27;0
124;erynf@comcast.net;9YB64EUgRP;1;;0
125;arachne@icloud.com;BFUD7usndj;1;;0
126;cantu@sbcglobal.net;kgvMW6LVC9;3;57;0
127;scarlet@hotmail.com;xcemtY5Ggs;3;21;0
128;microfab@msn.com;pVZgYHQ2Mn;3;56;0
129;ilikered@aol.com;st3jvHMpZB;3;71;0
130;sburke@live.com;ZHhwtKrq7F;1;;0
131;bockelboy@yahoo.com;Tf2rGMNWPw;3;84;0
132;overbom@att.net;7cSXFqQkaG;3;14;0
133;kiddailey@icloud.com;L7BtqTQjWp;3;13;0
134;jadavis@mac.com;5wxRbsJfQA;1;;0
135;wagnerch@comcast.net;ZxsRywQv28;3;90;0
136;lamprecht@att.net;WuJEAH3US9;1;;0
137;formis@yahoo.com;3sEbHpfjqr;3;36;0
138;crowemojo@att.net;yGsuhfa4Tr;1;;0
139;jfinke@aol.com;LVwfS36Jhr;3;47;0
140;rtanter@mac.com;n9fzLXUmuY;1;;0
141;pemungkah@icloud.com;3WpXH5DyfG;1;;0
142;aibrahim@optonline.net;hmNH8MyWgF;1;;0
143;rcwil@msn.com;UqjPDyQXf2;1;;0
144;sisyphus@optonline.net;ZBVkXsH3GL;3;67;0
145;nimaclea@hotmail.com;aeU24WSdFT;3;73;0
146;eurohack@att.net;G4UJQpgRYr;1;;0
147;pkplex@verizon.net;8pRqegf3SU;1;;0
148;jbailie@yahoo.com;q3rm7yHgpu;3;81;0
149;stomv@comcast.net;PLgy5dTp3f;1;;0
150;timtroyr@me.com;WZj3JG2xKm;1;;0
151;tmccarth@hotmail.com;2K5AxJHmha;1;;0
152;eabrown@mac.com;DyAd6YHqG9;1;;0
153;cyrus@mac.com;KtaRL4AEhP;3;49;0
154;jfmulder@yahoo.com;sD28mT36By;1;;0
155;dunstan@gmail.com;T8vHZeCp9j;3;68;0
156;bester@mac.com;tQPUjyRT9F;1;;0
157;plover@att.net;TP2yHYgCW6;1;;0
158;isotopian@yahoo.ca;qc3rjW8Hew;1;;0
159;pkilab@att.net;sTz5e7849w;3;28;0
160;vlefevre@comcast.net;Vz8wXS9Q6N;3;17;0
161;janneh@mac.com;MNJbs6wQ2C;1;;0
162;kassiesa@live.com;Epn3dGw9zN;1;;0
163;fluffy@verizon.net;UGW6QH7gap;1;;0
164;schwaang@gmail.com;aDJ3uEbwVK;1;;0
165;hahiss@aol.com;eZjA8XKNSV;1;;0
166;goresky@optonline.net;4vALJzuEFt;3;86;0
167;pemungkah@me.com;YPXEM6zD2u;1;;0
168;matsn@msn.com;P3U8KgHcDq;3;30;0
169;hoyer@yahoo.com;WfES9VkLAc;1;;0
170;dburrows@optonline.net;DTge3CWBSU;3;100;0
171;symbolic@mac.com;7dLjWNhH2b;3;11;0
172;andrei@yahoo.com;LDxygrm7fp;1;;0
173;zeller@icloud.com;7X428WNTKw;3;99;0
174;moinefou@msn.com;2vTLWkwaVm;1;;0
175;thaljef@att.net;kjN3p4yGHv;1;;0
176;pdbaby@yahoo.ca;jcdGEKqYP7;3;18;0
177;pedwards@yahoo.ca;P2rS8WFfKn;3;52;0
178;aibrahim@me.com;QqHB6nbcD3;3;60;0
179;mallanmba@me.com;QnMqJ7HvmB;1;;0
180;rgarcia@optonline.net;ph6KQWeaF4;1;;0
181;jimmichie@verizon.net;hN64u5arLD;3;25;0
