id;nev;intezmeny
1;Egyetem, BSC;Bridgeport International Academy
2;Technikum;Carmel Acadmey
3;Egyetem, MSC;Country Kids Club
4;Egyetem, MSC;Eagle Hill School
5;Technikum;Easton Country Day School
6;Egyetem, BSC;Fairfield County Sda School
7;Szakközépiskola;Fraser Woods Montessori School
8;Egyetem, BSC;Giant Steps Connecticut
9;Egyetem, BSC;Housatonic Valley Waldorf School
10;Gimnázium;Landmark Preschool
11;Egyetem, BSC;Abercorn International School
12;Gimnázium;Landmark Preschool
13;Szakközépiskola;Our Lady Of Grace Nursery School & Kindergarten
14;Egyetem, BSC;Our Lady Star Of The Sea School
15;Egyetem, MSC;Pierrepont School
16;Gimnázium;St Catherine Academy
17;Egyetem, MSC;St Jude School
18;Egyetem, BSC;St Mary School
19;Gimnázium;St Theresa School
20;Technikum;St Vincent's Special Needs Services
21;Egyetem, MSC;The Canaan Ridge School
22;Technikum;The Greenwich Japanese School
23;Egyetem, MSC;The Stanwich School
24;Egyetem, BSC;Trinity Catholic Middle
25;Technikum;Villa Maria Education Center
26;Gimnázium;Whitby School
27;Egyetem, BSC;Wooster School
28;Egyetem, MSC;Little Wonders Of Baybrook Baptist
29;Technikum;Llano Christian Academy
30;Gimnázium;Logos Preparatory School
31;Egyetem, MSC;Macedonian Christian Academy
32;Technikum;Mainland Christian Academy Inc.
33;Technikum;Marble Falls First Baptist Christian School
34;Egyetem, BSC;Masterpiece Bilingual Academy
35;Egyetem, BSC;Mesorah High School For Girls
36;Egyetem, BSC;Midland Classical Academy
37;Egyetem, MSC;Montessori Country Day School
38;Gimnázium;Montessori School Of Sugar Land
39;Egyetem, BSC;Morning Star Academy
40;Egyetem, BSC;Mosaic Academy
41;Technikum;All Saints Catholic School
42;Gimnázium;American School For The Deaf
43;Egyetem, BSC;Brunswick School
44;Technikum;Catholic Academy Of Bridgeport/st Raphael Academy
45;Szakközépiskola;Christian Heritage School
46;Egyetem, BSC;Christian Life Academy
47;Gimnázium;Eagle Hill - Southport
48;Egyetem, MSC;Fairfield College Preparatory
49;Egyetem, BSC;Fairfield Country Day School
50;Egyetem, MSC;Great Beginnings Montessori School
51;Szakközépiskola;Greens Farms Academy
52;Gimnázium;Greenwich Catholic School
53;Gimnázium;Hudson Country Montessori School
54;Egyetem, MSC;Immaculate High School
55;Gimnázium;Immanuel Lutheran School
56;Gimnázium;Kolbe Cathedral High School
57;Technikum;Mooreland Hill School
58;Technikum;Notre Dame Catholic High School
59;Technikum;Pear Tree Point School
60;Technikum;St Andrew Academy
61;Technikum;St Ann Academy
62;Szakközépiskola;St Augustine Academy
63;Szakközépiskola;St Augustine School
64;Egyetem, MSC;St Catherine Of Siena School
65;Egyetem, BSC;St Cecilia Elementary School
66;Gimnázium;St Christopher School
67;Egyetem, BSC;St Gregory The Great School
68;Gimnázium;St James School
69;Egyetem, BSC;St Joseph Elementary School
70;Gimnázium;St Joseph High School
71;Egyetem, MSC;St Joseph School
72;Technikum;St Lawrence Elementary School
73;Gimnázium;St Mary Elementary School
74;Egyetem, BSC;St Rose Of Lima School
75;Szakközépiskola;St Thomas Aquinas Elementary School
76;Egyetem, MSC;The Children's School
77;Egyetem, BSC;The Long Ridge School
78;Egyetem, MSC;The Mead School
79;Egyetem, BSC;The Montessori School
80;Szakközépiskola;Trinity Catholic High School
81;Egyetem, MSC;Assumption Early Learning Ce
82;Szakközépiskola;Avon Old Farms School
83;Technikum;Ben Bronz Academy
84;Szakközépiskola;Clinical Day School - Manchester Memorial Hospital
85;Gimnázium;Community Child Guidance Clinic
86;Gimnázium;Enfield Montessori School
87;Szakközépiskola;Ethel Walker School
88;Szakközépiskola;Gengras Center/univ Of St Joseph
89;Egyetem, BSC;Hartford Area Sda School
90;Egyetem, BSC;Hebrew High School Of New England
91;Egyetem, MSC;Heritage Christian School
92;Egyetem, MSC;Intensive Education Academy In
93;Egyetem, BSC;Kingswood-oxford School
94;Egyetem, MSC;Miss Porter's School
95;Technikum;Montessori School Greater Hartford
